,Gene
0,DRC3
1,CDC25A
2,RB1
3,HAP1
4,ONECUT3
5,RBMS1
6,SVIL
7,RAB5A
8,SLAMF6
9,GIPC1
10,FHAD1
11,PLXNC1
12,LILRB4
13,MAK
14,BIRC5
15,SNX11
16,DDX20
17,SLC23A2
18,PDGFRL
19,STMN1
20,LTA
21,CLEC10A
22,TNFSF8
23,EPHB6
24,G6PD
25,ZDHHC17
26,IDUA
27,SNRPD1
28,TMTC3
29,CLPTM1L
30,NRROS
31,BMP7
32,IL9
33,KIAA2013
34,NUSAP1
35,NCOA1
36,ZFYVE26
37,RRS1
38,KCNK2
39,ZMYM3
40,PON1
41,ADAR
42,PHF23
43,NKX2-1
44,VPS37B
45,GRM2
46,ADAM9
47,S1PR5
48,GRN
49,PKP2
50,PANX3
51,ZYX
52,F2RL1
53,PDZK1
54,BACE2
55,CALCA
56,PLCE1
57,NOC3L
58,RRP12
59,DOC2A
60,MKRN2
61,GABRG3
62,CARD10
63,FAM110A
64,IL18R1
65,KIF20A
66,IL7
67,PDLIM4
68,KLK4
69,ARMH3
70,SFPQ
71,BCAS3
72,MAP3K20
73,NDST4
74,RASSF2
75,BECN1
76,TMEM130
77,RFC4
78,MRM3
79,CHRNB4
80,TM6SF2
81,PYGB
82,L1CAM
83,ANKZF1
84,HSPA2
85,SLAMF7
86,KIF1A
87,CCBE1
88,GPR88
89,CCN3
90,NR4A3
91,NAA40
92,SOX14
93,ATP13A2
94,SENP1
95,PDCD1LG2
96,ADAMTS2
97,FREM1
98,NINJ1
99,SPART
100,CDKAL1
101,SFRP4
102,ETV5
103,CCNB1
104,RMND5A
105,PDGFC
106,PLXNB2
107,CDAN1
108,SIRT6
109,HCRTR2
110,PDGFB
111,DMXL1
112,ARMC5
113,CCR3
114,MAGEA1
115,TMEM45A
116,ARHGAP36
117,PEBP4
118,MMP8
119,MAPK11
120,TMPRSS2
121,SRCAP
122,HDAC2
123,SFXN2
124,CSF1
125,REST
126,CYP11B2
127,SLC22A5
128,ZNF608
129,WDR81
130,ADGRA3
131,CFH
132,ALG13
133,CDH5
134,APLN
135,AGAP3
136,RANGAP1
137,RANBP3
138,GSX2
139,GP6
140,CCL24
141,DLD
142,RHOC
143,PLAT
144,SCML2
145,SNX29
146,TLR1
147,MEGF8
148,TXNDC16
149,MTPAP
150,RIMS4
151,TACR2
152,PRKAA1
153,RFX5
154,PDE3A
155,ERCC5
156,STK16
157,VPS4A
158,DDB1
159,PMM2
160,RHCE
161,FDX1
162,MICB
163,CTSK
164,THPO
165,ATR
166,ALG6
167,UMPS
168,ATP2A2
169,PTPN11
170,EIF3A
171,PHGDH
172,ARG1
173,CD27
174,CDHR2
175,COL17A1
176,MGMT
177,SREBF2
178,DCDC1
179,ZNF346
180,NUDCD2
181,CSNK1A1
182,PLAGL1
183,ADGRL4
184,RBPJ
185,EDNRB
186,NCOA2
187,PTH1R
188,SCN8A
189,TCF3
190,TNF
191,CATSPER2
192,GSTZ1
193,OLIG2
194,PALLD
195,TCFL5
196,FEZF2
197,DGAT1
198,IL1F10
199,CPA6
200,UPF1
201,POLH
202,FUT7
203,CCDC33
204,IFNA8
205,SEZ6L
206,SPIN3
207,MOG
208,RIPK4
209,TSPYL5
210,ACHE
211,CD72
212,TNK2
213,KPRP
214,CACNA1G
215,LPL
216,RWDD1
217,CDC73
218,SASH1
219,RHOT1
220,PTK2B
221,PANX1
222,XRCC3
223,PALB2
224,ACVR2A
225,PTPRM
226,ANKRD44
227,EIF4ENIF1
228,XPO5
229,GPRC5C
230,TSHR
231,HNF4A
232,TAS2R38
233,PLCG2
234,NR3C2
235,ABHD6
236,CD40
237,SPRYD7
238,KIT
239,TRPM8
240,PABPC4
241,PLEKHA1
242,ASPN
243,F2R
244,FPR1
245,MARCO
246,PARP1
247,TBL1Y
248,SNX8
249,APC
250,GNL2
251,LRRC45
252,TWSG1
253,PHOX2B
254,TSPAN18
255,MST1R
256,HCAR3
257,SERPINA9
258,CHUK
259,PKD2
260,CDR2L
261,PAX2
262,HS3ST5
263,CHIT1
264,ILF3
265,SLC7A7
266,NEBL
267,NEK11
268,TFAM
269,PPP2R3A
270,R3HDM1
271,GRM4
272,MYOT
273,ENOSF1
274,USP11
275,GPR101
276,EGFL8
277,WRN
278,MAVS
279,ROS1
280,PDX1
281,PRMT8
282,CCNO
283,RPUSD2
284,CAMP
285,EPM2AIP1
286,SOSTDC1
287,CCL28
288,HADHB
289,SPTA1
290,SEC14L3
291,SEMA3C
292,GBA
293,SEL1L
294,SERPINE1
295,SAFB
296,BUB1B
297,FZD4
298,PTPRG
299,CFL2
300,ITGB5
301,PRKAB1
302,MAEA
303,PGK1
304,TMX2
305,ZFP57
306,ORAI2
307,BMPR1B
308,CORO1B
309,FAR1
310,RHD
311,ELK4
312,SMPD1
313,IL33
314,MED12L
315,ITGA1
316,AQP9
317,SGK1
318,FMN1
319,CUL4A
320,MAP4K3
321,GMEB1
322,SRPK1
323,AGER
324,ADM
325,CCDC80
326,DDI2
327,CA14
328,ART3
329,CBLN1
330,RAD52
331,IGSF8
332,KLHL26
333,ZIC4
334,RNF31
335,SUV39H1
336,FAAH
337,ARF6
338,IFT57
339,KEL
340,WDHD1
341,ZNF232
342,RXFP2
343,ZNF296
344,ARHGAP35
345,SIGLEC1
346,SNX4
347,FXYD7
348,GPR26
349,TSLP
350,ZAP70
351,NRP1
352,MXRA7
353,A2ML1
354,STX1A
355,CAMK2A
356,TAC4
357,THEMIS
358,TMEM173
359,ZNF106
360,FANCA
361,PRPF3
362,PCDHA4
363,CACNA1B
364,BHMT
365,ME1
366,FOXM1
367,KLRK1
368,CD80
369,DSG3
370,SLC6A2
371,ZC2HC1A
372,TGFB1
373,PIK3C3
374,GSE1
375,YIF1B
376,PCBD1
377,EEF1AKNMT
378,RET
379,ACRV1
380,DNMT3B
381,FAM3A
382,IRAK2
383,FOXC1
384,UGT2B7
385,GZMK
386,SETD4
387,GSK3B
388,EDNRA
389,UPK1A
390,POLE
391,ALAD
392,SYK
393,PBXIP1
394,GJA1
395,TTC23L
396,TP63
397,PSMD10
398,CAMK2G
399,BDKRB2
400,EFR3B
401,ADAMTSL3
402,FKBP15
403,RCAN2
404,KCNA3
405,PDCD4
406,ZBTB1
407,PLEKHO1
408,IARS2
409,GNAT3
410,EGFR
411,KNDC1
412,NEUROG2
413,NKX2-8
414,GPRIN2
415,KCNA5
416,SEMA3A
417,CCK
418,DNAH14
419,PDCD1
420,MTHFD1
421,EEF1G
422,XPR1
423,RASSF3
424,BARX2
425,NPM3
426,TBC1D30
427,HSPA1L
428,AOC3
429,SLC22A12
430,CPA4
431,PLSCR1
432,DAZAP2
433,ADRA2A
434,TGFB2
435,MAGEA4
436,GCN1
437,SLC5A2
438,FAM98A
439,MCM2
440,VEGFB
441,HYOU1
442,CDSN
443,MMACHC
444,GPR3
445,PSENEN
446,NPSR1
447,GRM7
448,RSPH9
449,ATG5
450,URB1
451,OLFM1
452,MUTYH
453,ESR1
454,MEF2A
455,PRRT2
456,SNAP47
457,LILRB2
458,TAP2
459,THYN1
460,HNRNPF
461,GDF9
462,SELL
463,AMIGO1
464,SLC5A5
465,SCAMP4
466,NCLN
467,GABRG1
468,TMEM164
469,KIF2A
470,ZFHX3
471,SOX2
472,TDO2
473,LUC7L
474,CENPB
475,NT5DC2
476,CCR9
477,SLC16A4
478,CELSR3
479,STAT3
480,PAX7
481,TNFRSF6B
482,PAWR
483,NEIL3
484,GDA
485,CD3E
486,LURAP1
487,PINK1
488,SNX10
489,XCR1
490,CDH7
491,PSKH1
492,PADI2
493,UBE2T
494,BARD1
495,NR3C1
496,CD86
497,SCFD2
498,CELSR1
499,CCDC57
500,PAX6
501,WARS
502,NPNT
503,SPECC1L
504,NIN
505,MX1
506,ACAA2
507,TMPRSS6
508,COL23A1
509,YWHAQ
510,AGTR2
511,MZF1
512,OSCP1
513,TGM2
514,TEKT1
515,ARF1
516,FBLN5
517,MYO1C
518,SLC6A17
519,TIMP4
520,NYX
521,BCL2L2
522,UGDH
523,ZHX3
524,SOS1
525,ATXN1L
526,NAA16
527,MSI1
528,PRSS16
529,TUBG1
530,SRD5A1
531,SPAG17
532,FCGR3A
533,TSSK3
534,GPR12
535,TEX14
536,CNR2
537,LARP4B
538,DHCR24
539,CALCRL
540,TCIM
541,HMGA2
542,ITIH5
543,TSPOAP1
544,MAT1A
545,SPECC1
546,ACAT1
547,PDGFRA
548,HSPA9
549,HMCN1
550,ENPP2
551,TBL2
552,MAP7
553,CDV3
554,ING1
555,MICAL2
556,ATXN3
557,WNT4
558,CYLD
559,AQP4
560,PZP
561,CPEB1
562,SIRT3
563,PDPK1
564,CD5L
565,SOD3
566,IL17D
567,RELN
568,GATA4
569,TERF2
570,SLC9A1
571,RUFY2
572,ZMYM1
573,HS3ST2
574,TSPAN9
575,RTL8C
576,KLRC1
577,DPT
578,MCPH1
579,ABCB4
580,SYCP1
581,PILRA
582,CD19
583,CYP17A1
584,ACSL4
585,FCER2
586,HDC
587,GRK2
588,POLR2C
589,CASP8
590,CH25H
591,YIPF1
592,PDIA3
593,TYMS
594,BCL2L1
595,CYBA
596,RFX2
597,P2RX3
598,PEPD
599,SMC1A
600,UBAP2
601,FERMT3
602,KCNT1
603,USP32
604,CD1A
605,GDF5
606,KCNK18
607,MYBBP1A
608,MVD
609,FCGR3B
610,MYOF
611,MAP1LC3B
612,LENG8
613,KLF5
614,CD276
615,RPA2
616,LIN28A
617,RSRC1
618,TP53BP2
619,RANBP9
620,COL18A1
621,IGFBP2
622,TMEM97
623,GRID1
624,INKA2
625,TRPA1
626,TOPBP1
627,LASP1
628,NBN
629,DLK2
630,IFI16
631,PMP22
632,CBFB
633,RBM12
634,HSPA6
635,PRRG2
636,IL2
637,NCOR2
638,CD22
639,MTNR1B
640,SYNGR3
641,CLOCK
642,FADS2
643,FKBP11
644,PNPLA2
645,KCTD11
646,FSHR
647,MAB21L2
648,DDX53
649,SART3
650,PPP1CA
651,CCDC62
652,THRA
653,NOS2
654,WDR5
655,NKAPL
656,PM20D1
657,TYMP
658,RARA
659,RNF128
660,NLRP11
661,GPR39
662,C1QTNF1
663,BMI1
664,CD99
665,CASP9
666,REL
667,SCNN1A
668,BMP2
669,MASP1
670,PIK3CB
671,PTGFR
672,ITM2A
673,MRFAP1L1
674,COLEC12
675,ZBTB10
676,PAH
677,OSR2
678,IRF7
679,TRAP1
680,CD33
681,EIF4EBP1
682,TOX
683,SPAG8
684,GABRB2
685,IFNL1
686,HRH3
687,TNFRSF17
688,GSTM3
689,RCC1
690,TWIST1
691,MAOB
692,POSTN
693,HEY1
694,TASOR
695,EHMT1
696,MYLIP
697,CASP3
698,TMEM109
699,CYREN
700,LEF1
701,GCM1
702,LAT
703,ADORA2A
704,ANKRD30A
705,TFEB
706,KLHL1
707,POU2AF1
708,MED12
709,ERCC1
710,TFE3
711,ERGIC2
712,KCNIP2
713,DUOX2
714,GHR
715,TNC
716,AFG1L
717,RGN
718,GBX2
719,DNAH7
720,KCNK10
721,VCL
722,MIPOL1
723,STK33
724,ST6GAL1
725,FCGBP
726,FOXF1
727,SLIT3
728,FOXO3
729,ZMYND10
730,DVL3
731,WNT3
732,ZBTB3
733,PKD1L1
734,HIPK3
735,IGF2BP3
736,CAMK2B
737,GORAB
738,IL19
739,TPTE
740,DNMT3A
741,NFATC3
742,SPON2
743,GDF2
744,CSF2
745,PREPL
746,OIT3
747,RMDN1
748,ABCB1
749,SULT2A1
750,AQP7
751,TRIM21
752,RBM34
753,WNT5B
754,IFNAR1
755,TNFRSF10A
756,AP1M1
757,MAN1A1
758,GRIA2
759,FBL
760,CST7
761,GATA1
762,PRAME
763,STMN3
764,SORL1
765,PRPF19
766,IDO1
767,APOL6
768,HNMT
769,IFNA1
770,CDCA2
771,SUGP2
772,ABI3
773,SLC4A1AP
774,USF1
775,DRD1
776,PPP2R1A
777,SERPINA3
778,ZBTB33
779,INO80D
780,MELTF
781,DPYSL2
782,RCOR3
783,TMUB2
784,LIG3
785,MUC1
786,GLP1R
787,TP53
788,KCNK15
789,PROS1
790,TRIM66
791,CA12
792,KIAA0408
793,ASTN2
794,FEV
795,PLIN4
796,CCR8
797,FASLG
798,PTK2
799,PARP11
800,FSIP1
801,CXCL10
802,DMXL2
803,DOCK9
804,GNAO1
805,NSUN2
806,MAP4
807,LRG1
808,TMBIM4
809,ZNF451
810,GNAI1
811,EZH1
812,IGF2R
813,SHC4
814,DYDC1
815,MYNN
816,CD58
817,EFS
818,PLTP
819,ERN1
820,STAU1
821,SCIMP
822,KCTD5
823,KLF4
824,MCM3
825,PMS2
826,GABRA3
827,XDH
828,TSC2
829,TBX15
830,KL
831,SAA4
832,HTR5A
833,PIP4K2A
834,NONO
835,CST2
836,FOXJ1
837,NTSR1
838,SRI
839,FLOT2
840,USP5
841,SLC6A4
842,CEP44
843,NEK6
844,AGO1
845,ITPKA
846,KCNMB1
847,SCN3A
848,CIITA
849,MYC
850,PPP4R1
851,OXER1
852,FGR
853,PTPN6
854,CTSA
855,EPHA3
856,CAPN3
857,GMEB2
858,VAMP3
859,DLL4
860,NAT10
861,DMKN
862,PRXL2A
863,PSMD2
864,PNMA2
865,ELAC1
866,SELP
867,OAS1
868,THY1
869,HDAC5
870,ARHGEF2
871,BCL7C
872,KCNK12
873,SLC3A2
874,ATP7B
875,PLEKHB2
876,FCRL4
877,MAP4K2
878,ATP5F1A
879,IL23R
880,LSG1
881,LTA4H
882,MAP3K1
883,CTSL
884,GLUD1
885,RNF43
886,FSCN1
887,CAMSAP2
888,KLRG1
889,IRF1
890,REN
891,CTDSPL
892,GBP5
893,PCNX3
894,RABL3
895,CRYZ
896,SKA3
897,DUOXA1
898,ELSPBP1
899,HIPK2
900,UMOD
901,SCGB1D1
902,FOXP1
903,PRKAA2
904,OSGIN2
905,CD79B
906,TMX1
907,DDX58
908,KMT2D
909,CDK6
910,TLR4
911,EFR3A
912,DSG1
913,ASCC2
914,MBL2
915,ASIC1
916,ABTB2
917,ZGRF1
918,VEGFD
919,BCL3
920,NQO1
921,DDB2
922,CYP2C8
923,FOSL1
924,STRN4
925,CD160
926,ABL2
927,TBC1D8B
928,CSNK1A1L
929,MAPK1
930,RAPGEF5
931,APOL1
932,LIPC
933,CAMK2D
934,PHF8
935,RBCK1
936,EMC4
937,JPH2
938,PLAGL2
939,DEPDC7
940,RNASE3
941,DTNBP1
942,HSPB8
943,NETO1
944,CUX2
945,HSPA8
946,CX3CL1
947,MYOD1
948,BMP6
949,MYO15A
950,DZIP1L
951,SMTN
952,JPH1
953,SOX10
954,PSME3
955,BRI3BP
956,CASP6
957,UCHL1
958,CLGN
959,ELAVL1
960,METRNL
961,NOM1
962,CD300A
963,GAL
964,RAD50
965,NPR1
966,B4GAT1
967,PIGF
968,ASXL1
969,IFNA7
970,ECEL1
971,IPO11
972,HMGB3
973,PIH1D1
974,TLK1
975,VAPB
976,FOXN1
977,PDZD7
978,MEGF10
979,NAP1L3
980,PHLDB2
981,SCN9A
982,DNMT1
983,SHLD1
984,PTCH1
985,MKI67
986,RHBDD1
987,FLCN
988,GJC1
989,ETV6
990,LRBA
991,ADGRG6
992,LRRC59
993,TREM2
994,TINAGL1
995,CDK5RAP1
996,CYP2C9
997,C1QTNF6
998,CLDN18
999,MASP2
1000,NUAK2
1001,MINDY2
1002,EPO
1003,SLC5A3
1004,CDKL1
1005,PSEN1
1006,OSBP2
1007,CNNM1
1008,CNR1
1009,RNF2
1010,NCBP3
1011,FLT3
1012,MFF
1013,PIN1
1014,SNAI1
1015,SRFBP1
1016,PDGFA
1017,ATF4
1018,KCTD10
1019,IL25
1020,SIK2
1021,AQP8
1022,PRCP
1023,ADA
1024,TNFSF9
1025,IL9R
1026,LTBP1
1027,SH3TC2
1028,RUNX3
1029,CC2D1A
1030,ZBTB48
1031,SAC3D1
1032,SNX17
1033,PDE2A
1034,XPA
1035,PDCD6
1036,UQCC1
1037,WAPL
1038,IRS2
1039,PHEX
1040,TOR3A
1041,TRMT1L
1042,CYP20A1
1043,KCNB1
1044,ZSWIM6
1045,MAOA
1046,IRF3
1047,KCNT2
1048,TBX2
1049,SORD
1050,GDF6
1051,SAT2
1052,INVS
1053,DDR2
1054,RECK
1055,CD209
1056,RNF187
1057,BCOR
1058,CD320
1059,VWA8
1060,UBR3
1061,CXCL2
1062,GABBR2
1063,MC1R
1064,PIK3CD
1065,TBX3
1066,CLN3
1067,AFF2
1068,DMPK
1069,MYO1D
1070,BLVRA
1071,UTS2
1072,CENPV
1073,STEAP1
1074,GLT8D2
1075,CCL27
1076,PWP1
1077,NR1I3
1078,GABRD
1079,CACNA2D1
1080,ASPM
1081,AEBP1
1082,BRD3
1083,SSTR4
1084,FOLR1
1085,METTL2A
1086,LGMN
1087,PTPRU
1088,ALDH7A1
1089,OPRPN
1090,COBLL1
1091,PLA2G4A
1092,WDR26
1093,DLK1
1094,PSMD4
1095,S100A3
1096,TRIM5
1097,TNNT2
1098,PDK1
1099,PIEZO2
1100,TOP1MT
1101,ERFE
1102,HSDL1
1103,STK35
1104,STRIP2
1105,F5
1106,HEXIM1
1107,GLOD4
1108,PRKRA
1109,TCP1
1110,NCR2
1111,AAR2
1112,MTR
1113,FOXC2
1114,IRF2BP1
1115,HPRT1
1116,MRAP2
1117,TIAM2
1118,TRPC1
1119,TANGO2
1120,IFNG
1121,IPP
1122,CUL2
1123,GANC
1124,ARFIP1
1125,ENOX1
1126,ABCC4
1127,KLK10
1128,SF3A1
1129,FAT1
1130,IGSF9B
1131,CFDP1
1132,DBR1
1133,UBA1
1134,MCM4
1135,ATOH7
1136,PLEKHH2
1137,FGFBP2
1138,AXIN1
1139,KPNA1
1140,SNX30
1141,PDGFRB
1142,CCDC113
1143,ANKRD13A
1144,CBX7
1145,RASSF5
1146,FANCI
1147,ANO3
1148,BCL6
1149,ACTN2
1150,LY9
1151,FAM76B
1152,FZD9
1153,BAP1
1154,CAND1
1155,ARL4D
1156,CSF3R
1157,NPC1L1
1158,PPFIA4
1159,RBM10
1160,CHRNA3
1161,FH
1162,MPDU1
1163,STK4
1164,CDKN2AIP
1165,PTH
1166,WDR55
1167,PAK4
1168,CNST
1169,ETS1
1170,SLC22A9
1171,FZD3
1172,HTR3A
1173,PLD2
1174,AURKC
1175,RBPMS
1176,NLRP6
1177,SMARCAD1
1178,SCIN
1179,TRIB3
1180,CHRNA2
1181,TIPARP
1182,XPC
1183,ADRA1D
1184,CR2
1185,ALG2
1186,IRF8
1187,SECISBP2L
1188,CMTM8
1189,EPHX1
1190,PGGT1B
1191,DIO2
1192,BRINP1
1193,ERAP1
1194,LIMK1
1195,PNOC
1196,ERCC2
1197,TMTC4
1198,CREB3
1199,SCNN1G
1200,SRD5A2
1201,SYTL2
1202,TNFRSF9
1203,LMNB1
1204,THEM6
1205,TNFRSF10C
1206,TOMM34
1207,LBX1
1208,FAF2
1209,TNFSF14
1210,CARM1
1211,TADA2A
1212,NMNAT1
1213,FZD6
1214,HAS2
1215,ALG11
1216,NXF3
1217,HMGN3
1218,MAGI3
1219,ATL1
1220,VDR
1221,TOR1A
1222,KANK2
1223,SLC39A8
1224,CSNK1G1
1225,CDKN1A
1226,SIRPB1
1227,ANKHD1
1228,TPBG
1229,YWHAZ
1230,ATP1A1
1231,YTHDF1
1232,LILRB1
1233,MSH6
1234,TMEM237
1235,CHKA
1236,EHF
1237,BVES
1238,HMOX1
1239,CD1B
1240,CDKN2B
1241,CRH
1242,CLTC
1243,KAT2B
1244,SCGB1D2
1245,CCL14
1246,RAI14
1247,WDR90
1248,BIRC7
1249,NEDD4
1250,PTPN5
1251,SMYD3
1252,GUCY2C
1253,NFE2L3
1254,SDHAF3
1255,ITGB3
1256,API5
1257,ADCYAP1
1258,NDUFA3
1259,NGFR
1260,ZNF512
1261,GNB3
1262,DLL1
1263,SLC22A8
1264,MAP4K5
1265,SATB1
1266,ICAM5
1267,INPP4B
1268,SLC6A9
1269,BAG3
1270,CD84
1271,KCNC1
1272,RPA3
1273,MAP2K1
1274,ATP5F1C
1275,CRTAM
1276,XBP1
1277,CD247
1278,CIP2A
1279,GUSB
1280,KLK6
1281,PRF1
1282,ATP2B1
1283,CCN2
1284,KPNA3
1285,EVI5
1286,CCDC51
1287,HNRNPLL
1288,ANO1
1289,KLHL24
1290,KCNQ2
1291,MCM6
1292,ART1
1293,PRKD3
1294,GRAMD2B
1295,DKK1
1296,MYLK
1297,FGF2
1298,E2F4
1299,OLIG1
1300,WDR72
1301,TNFSF13B
1302,CCR1
1303,LACC1
1304,ELN
1305,BTLA
1306,TFR2
1307,SESN2
1308,FADS1
1309,FAS
1310,CBLB
1311,LSM12
1312,UCN
1313,IL17RA
1314,ADAM28
1315,IL17A
1316,DDX21
1317,ARID1A
1318,HGS
1319,CP
1320,CNIH4
1321,HCK
1322,GABRA2
1323,RNF112
1324,RAD18
1325,AGXT
1326,ADRB1
1327,MYH13
1328,FZD1
1329,GNB1L
1330,DDX3X
1331,LAIR2
1332,SLAMF8
1333,GAS6
1334,IRS1
1335,CPZ
1336,SOD1
1337,SH2D3C
1338,STRN3
1339,POLR2E
1340,CD70
1341,CD180
1342,CADM4
1343,MPPED2
1344,SELE
1345,MTA2
1346,TNFRSF1B
1347,H2AFX
1348,OSM
1349,NUP214
1350,EXOSC10
1351,MKX
1352,NTNG2
1353,PITX1
1354,XRCC1
1355,GRK5
1356,DNAH9
1357,GMPS
1358,FAF1
1359,TSHZ1
1360,STIM2
1361,HMGB2
1362,TMEFF2
1363,BTN3A1
1364,THUMPD3
1365,CPNE9
1366,PRDM10
1367,PPID
1368,COL4A4
1369,MEIOB
1370,KLRD1
1371,PAM
1372,DAOA
1373,KDM6A
1374,CREBBP
1375,ODF2L
1376,TRAF2
1377,NLRC5
1378,RFTN1
1379,SNX19
1380,PPP3CA
1381,RORB
1382,MYD88
1383,ITK
1384,ZBTB40
1385,CYP7A1
1386,INSR
1387,SP140
1388,CCDC77
1389,LTB4R
1390,UGT1A4
1391,P2RY2
1392,FLNB
1393,LPAR1
1394,EDA
1395,EPHA1
1396,THBS1
1397,TMEM123
1398,CNRIP1
1399,ADAM33
1400,NAT1
1401,ACLY
1402,LIPF
1403,ADCYAP1R1
1404,HTATIP2
1405,ITGAX
1406,ADAMTS5
1407,MRGPRX2
1408,ITGB1BP2
1409,PYGL
1410,CELSR2
1411,STAP1
1412,ENPP1
1413,LIG4
1414,SLC1A2
1415,SPANXB1
1416,DHDDS
1417,SHMT2
1418,SCARB1
1419,DOK5
1420,NODAL
1421,PDE10A
1422,TOX2
1423,TRIM25
1424,TRAF1
1425,IL6R
1426,PASD1
1427,ZC4H2
1428,PAPPA2
1429,IL15RA
1430,IKZF4
1431,TLR7
1432,MTA1
1433,BCL7B
1434,NCOR1
1435,XPNPEP3
1436,MAP2
1437,RAI2
1438,RXFP1
1439,TRPC4
1440,ICA1
1441,FMO3
1442,NR1H2
1443,FNTA
1444,FOXO4
1445,MDM4
1446,FHL3
1447,WWP1
1448,GNAQ
1449,PIK3R2
1450,GLRB
1451,CEBPA
1452,FYN
1453,PLEKHM2
1454,MAGEC2
1455,UCP2
1456,IKZF2
1457,POU2F1
1458,ECSIT
1459,OXSR1
1460,ABCG2
1461,EP300
1462,RSAD2
1463,KCNK1
1464,GRM3
1465,GMFB
1466,ANKS1A
1467,INSM1
1468,QRFPR
1469,NOS1
1470,PTHLH
1471,EBF1
1472,SMAP2
1473,PMFBP1
1474,SGCA
1475,SART1
1476,CDK17
1477,RLN3
1478,FMC1
1479,CNTN2
1480,EHBP1
1481,JAM3
1482,DLEC1
1483,SFRP5
1484,CHRNA4
1485,ADRB2
1486,CHAD
1487,EIF4E
1488,RBM14
1489,XIAP
1490,ABCC9
1491,SLC9A3R2
1492,AXIN2
1493,CDC27
1494,RBM20
1495,MSH3
1496,TRPV1
1497,YJEFN3
1498,MAPK10
1499,COL5A2
1500,DUSP5
1501,PRPH
1502,RNF39
1503,TAFA5
1504,CDK14
1505,SPATS2L
1506,FOXA2
1507,SLC3A1
1508,LARP4
1509,TBRG4
1510,CLEC4M
1511,PRDM1
1512,CTCFL
1513,ALPK1
1514,TRIB2
1515,LRP1
1516,RPA1
1517,CNKSR3
1518,EPHA10
1519,PCDH11X
1520,KHDRBS1
1521,ANKRD13D
1522,HDAC4
1523,RPRML
1524,SPATA18
1525,TAL1
1526,KLHL13
1527,SLC25A4
1528,NAA15
1529,TIGD5
1530,RECQL4
1531,DDX25
1532,HHEX
1533,AVPR1B
1534,ACE2
1535,SYNRG
1536,ABCD1
1537,SPA17
1538,KCNJ9
1539,AKAP8
1540,PTPDC1
1541,APH1B
1542,MMP12
1543,AHCY
1544,TNKS
1545,BAALC
1546,HGF
1547,MDM2
1548,PNPLA6
1549,LYAR
1550,FBXO16
1551,APOBEC3D
1552,CCL7
1553,ZFYVE1
1554,SRCIN1
1555,GBF1
1556,RWDD4
1557,AP3M2
1558,ROBO4
1559,MAF
1560,RPTOR
1561,CTCF
1562,FZD10
1563,YAP1
1564,FGFR1
1565,MAGEC1
1566,SLC10A1
1567,FOXE1
1568,GPR55
1569,LANCL2
1570,TCF21
1571,CNGB3
1572,TCERG1L
1573,CREG1
1574,RAP2A
1575,NLRP5
1576,GSS
1577,CD28
1578,FCGR2A
1579,HSD11B1
1580,MYH1
1581,GREB1L
1582,APTX
1583,IL23A
1584,SLC25A11
1585,TRRAP
1586,DLL3
1587,PKD1
1588,WFDC1
1589,TNFSF13
1590,PLAUR
1591,MUC5AC
1592,F2
1593,IVNS1ABP
1594,LCK
1595,CSNK2B
1596,ACACA
1597,NGB
1598,IL4
1599,CYP2J2
1600,TERF1
1601,TUBD1
1602,CHRM2
1603,TSPAN12
1604,STK32C
1605,TNFRSF18
1606,CD177
1607,HTR2A
1608,PCSK9
1609,EBF2
1610,SEMA4D
1611,KCNJ10
1612,ULBP2
1613,TKT
1614,RUVBL1
1615,DDR1
1616,R3HDM2
1617,PVR
1618,IL1R1
1619,TRIB1
1620,KPNB1
1621,LTB4R2
1622,PCSK1
1623,CXCL16
1624,EGF
1625,TRPC5
1626,SBNO2
1627,GADD45A
1628,FCGR1A
1629,ICAM1
1630,RARB
1631,GATA6
1632,CRTAC1
1633,TNFRSF10B
1634,SDF2L1
1635,TC2N
1636,CXCR3
1637,EREG
1638,DTNA
1639,WAS
1640,BCL6B
1641,VPS50
1642,KCNH4
1643,CALM3
1644,NAP1L5
1645,ADAM12
1646,SPAG6
1647,ERAS
1648,PIM1
1649,MNS1
1650,TXK
1651,KDM3A
1652,HOXA13
1653,GALNS
1654,VSTM2B
1655,SLC2A4RG
1656,MON2
1657,ACTL6A
1658,CCDC9
1659,KCNC3
1660,ALPK3
1661,SNAP23
1662,OGT
1663,PTCD1
1664,CCNDBP1
1665,FRZB
1666,DYRK1B
1667,ERBB2
1668,GPR37
1669,LILRA5
1670,THAP3
1671,MFRP
1672,GPRASP2
1673,NLRP7
1674,OPTN
1675,MERTK
1676,CDKN1B
1677,SKP2
1678,IFIT2
1679,RS1
1680,CD40LG
1681,IL1RL2
1682,KRT20
1683,SNX33
1684,S1PR3
1685,TSPAN13
1686,TP73
1687,CORIN
1688,NTRK2
1689,CABCOCO1
1690,GIMAP5
1691,TBCK
1692,ITCH
1693,ADGRD2
1694,CSNK1E
1695,FBP1
1696,PPP2R3C
1697,COL4A5
1698,FHOD1
1699,ALK
1700,ANGPTL6
1701,SLCO1B1
1702,CXCR6
1703,MOB2
1704,CUEDC2
1705,HS6ST2
1706,GPR1
1707,ANP32E
1708,IL1RL1
1709,AGR3
1710,TACR3
1711,VGF
1712,MAP2K5
1713,NCOA3
1714,SIK3
1715,HNF1A
1716,GRHL2
1717,MAGEA11
1718,APOL3
1719,CD46
1720,MUC16
1721,NBPF3
1722,TPH2
1723,FABP3
1724,COL7A1
1725,PRKDC
1726,SLC40A1
1727,MMRN2
1728,S100A1
1729,GZMB
1730,TGM6
1731,BRCA2
1732,LILRB5
1733,ZNF827
1734,PER2
1735,FBXO33
1736,TCF4
1737,CHRNA6
1738,H3F3B
1739,STAR
1740,GNPAT
1741,SCRIB
1742,TBC1D22B
1743,CCR7
1744,LRATD2
1745,CCND1
1746,PSD
1747,PCDH17
1748,UNG
1749,CSPP1
1750,AKR1B1
1751,PLEKHA2
1752,BMP4
1753,CDH22
1754,BTK
1755,HAMP
1756,SATB2
1757,FNDC3B
1758,CHRNA7
1759,BCAR3
1760,CBX3
1761,CSRP3
1762,FAM131C
1763,SLC35E1
1764,SMO
1765,THBS2
1766,CCT6A
1767,CCNA2
1768,LONRF3
1769,TIMD4
1770,RILPL1
1771,SIRT1
1772,EFHC1
1773,DNM2
1774,POU3F3
1775,SLC25A1
1776,OPRM1
1777,ARRB2
1778,SYNM
1779,CD300C
1780,EPRS
1781,FSTL1
1782,RFX1
1783,ERBB3
1784,CTHRC1
1785,SRA1
1786,EMD
1787,XIRP1
1788,SPHK1
1789,AKAP4
1790,SEPTIN5
1791,TET1
1792,GLRA2
1793,OAS3
1794,ELOC
1795,LPAR5
1796,XRCC4
1797,CDH1
1798,CYP3A5
1799,ALDH1B1
1800,MDFIC
1801,PHB
1802,XRCC2
1803,SHLD2
1804,ZYG11B
1805,NCR1
1806,SNRNP200
1807,EGFL6
1808,PCDHB14
1809,CYP46A1
1810,OXTR
1811,SLC25A40
1812,DVL1
1813,BCL2L13
1814,FAM117B
1815,ZCCHC8
1816,DEK
1817,MMEL1
1818,CDX1
1819,SFSWAP
1820,HSF4
1821,ERCC4
1822,FFAR1
1823,B3GAT1
1824,ZMIZ2
1825,AXL
1826,PDGFD
1827,LMX1B
1828,PLIN5
1829,PLK4
1830,DDX28
1831,HAVCR1
1832,RRM2
1833,MCAM
1834,BBC3
1835,JPT2
1836,TSPAN31
1837,SH2D1B
1838,CXCR4
1839,DCLK1
1840,LRRC15
1841,MTHFR
1842,IFNB1
1843,RPF1
1844,CCNY
1845,TRO
1846,APLNR
1847,TIE1
1848,ABO
1849,ANXA8
1850,CCDC141
1851,CARD14
1852,ATP6V1H
1853,ZNF408
1854,MAPK7
1855,LANCL1
1856,USP53
1857,NOTCH2
1858,REXO2
1859,TGFB1I1
1860,PPP1R37
1861,NFKB1
1862,TNFRSF13B
1863,PPP1R7
1864,NUTF2
1865,DAPK1
1866,TMEM100
1867,PITPNB
1868,LRIF1
1869,DBN1
1870,VAMP5
1871,ALYREF
1872,MYO18B
1873,FGFR2
1874,NTS
1875,SIGIRR
1876,P4HA1
1877,IHH
1878,LIPE
1879,KCNJ1
1880,WNT1
1881,ECD
1882,ALOX5
1883,IFNGR1
1884,ELANE
1885,ADCY2
1886,TSPY1
1887,EFTUD2
1888,ZNF639
1889,MCTS1
1890,CACUL1
1891,ZEB1
1892,TRAF3
1893,SMOC2
1894,OLR1
1895,SOAT1
1896,CCDC14
1897,SMAD3
1898,CPSF6
1899,SMARCC1
1900,MTNR1A
1901,NEUROD2
1902,NTF3
1903,OPRK1
1904,MAP3K15
1905,NEK3
1906,CREB5
1907,TMPRSS13
1908,SLC2A3
1909,RELA
1910,ERG28
1911,STAB1
1912,PITX2
1913,VDAC2
1914,IL5RA
1915,PRR11
1916,OGG1
1917,TENT5B
1918,GJA5
1919,CYP27A1
1920,EFNB2
1921,NDRG2
1922,KDR
1923,POU4F3
1924,SEZ6L2
1925,TNFRSF1A
1926,HOXB6
1927,NOTCH1
1928,CXCL11
1929,CD5
1930,CARF
1931,PTX3
1932,TM9SF4
1933,RIPK2
1934,FXR2
1935,P2RX7
1936,SMC4
1937,HMX2
1938,AIMP2
1939,PTGDR
1940,SPAAR
1941,MAP3K7CL
1942,ST14
1943,TMEM120B
1944,CCL19
1945,DISP1
1946,GCGR
1947,RC3H1
1948,TMEM14C
1949,STIL
1950,NCEH1
1951,VHL
1952,FLII
1953,DSG2
1954,SIX1
1955,BCCIP
1956,SLC1A1
1957,FBXO25
1958,STAT4
1959,PPM1D
1960,SH3BGRL2
1961,CAV2
1962,TAFA4
1963,APCDD1
1964,MBNL1
1965,KCTD9
1966,P2RY14
1967,SLC25A39
1968,FURIN
1969,CAD
1970,BIRC2
1971,CCN5
1972,WNT3A
1973,CLCN5
1974,UGT1A9
1975,EIPR1
1976,HOXB13
1977,MAP1A
1978,EOMES
1979,MAGEB2
1980,APMAP
1981,CCR4
1982,EMX2
1983,PRKCQ
1984,PIWIL1
1985,SPATS2
1986,HTR7
1987,HEATR6
1988,DIS3
1989,RIMS3
1990,ATL3
1991,TTC23
1992,NOA1
1993,RBBP5
1994,VCAM1
1995,HSPA4
1996,CCL8
1997,SH3BP5L
1998,SH2B2
1999,RBM15
2000,SESN3
2001,GAA
2002,STS
2003,ATPSCKMT
2004,IFNL2
2005,USP38
2006,TFAP2B
2007,SLCO1C1
2008,IFIT1
2009,GLI2
2010,CYSLTR1
2011,MTFR1L
2012,AKR1C3
2013,ZNF469
2014,HAVCR2
2015,GPBP1L1
2016,TEX11
2017,PRKACA
2018,FUT8
2019,MS4A2
2020,KCNJ8
2021,FGF7
2022,RSPO2
2023,P2RX1
2024,IRF4
2025,CARTPT
2026,SHBG
2027,CNTNAP3
2028,TG
2029,BNC2
2030,HTRA1
2031,CCL25
2032,AJAP1
2033,PGAP2
2034,GPR63
2035,FRMD6
2036,NFX1
2037,METTL3
2038,PLCB1
2039,KIF5B
2040,GPN2
2041,CEACAM8
2042,P4HA3
2043,FCRL1
2044,ANKRD17
2045,ALX1
2046,TGFBR3
2047,MPZ
2048,NIBAN1
2049,PHF10
2050,SWT1
2051,STK11
2052,CRYGC
2053,KCNH6
2054,ANXA3
2055,NOX1
2056,CCDC137
2057,WT1
2058,NEDD9
2059,SLFN11
2060,CUTA
2061,GRP
2062,AOX1
2063,ACKR3
2064,PICALM
2065,FEZF1
2066,SLCO1B3
2067,SLCO2B1
2068,GOLPH3
2069,FGF4
2070,AP2A1
2071,TRUB1
2072,SCAF4
2073,KRAS
2074,ARRDC3
2075,IRF2BPL
2076,CDC34
2077,ZNF281
2078,SERPINI2
2079,PRRX1
2080,VSTM2L
2081,RPAP3
2082,ITGAM
2083,SPIN1
2084,ERMAP
2085,BEAN1
2086,IL3
2087,DDX6
2088,MAPT
2089,IL4R
2090,ACP5
2091,GADD45G
2092,ZSCAN26
2093,LHCGR
2094,HEPACAM
2095,GPR162
2096,IL31
2097,CLEC14A
2098,DDX10
2099,NFAT5
2100,SDHA
2101,FCRL3
2102,FST
2103,STAT6
2104,TONSL
2105,TRPM3
2106,ABCC8
2107,IRGQ
2108,PTGER3
2109,MYO5B
2110,MFSD5
2111,HECA
2112,ZCCHC2
2113,SOCS1
2114,RHEB
2115,WASHC3
2116,ZIC2
2117,CTSC
2118,LAMC1
2119,NR1I2
2120,GPR137
2121,SH3RF2
2122,SEMA3D
2123,IL1RN
2124,INSL3
2125,MT1A
2126,TEC
2127,BCL11B
2128,UNC5A
2129,MINDY1
2130,SNX15
2131,ADAMTS1
2132,SPO11
2133,SLC2A4
2134,BTNL2
2135,PPIF
2136,DRD5
2137,GNAI2
2138,MCCC1
2139,STK32A
2140,GCH1
2141,SPN
2142,OPN1LW
2143,TOP2B
2144,IL13RA1
2145,LPIN1
2146,NVL
2147,OTUB1
2148,USP9Y
2149,CEP170
2150,HTR4
2151,LPXN
2152,RNF121
2153,MAL
2154,MTOR
2155,TRIM27
2156,HLX
2157,SEC23B
2158,COIL
2159,EPHA4
2160,MSH2
2161,NRXN2
2162,KNSTRN
2163,CTBP2
2164,WDR37
2165,MYH4
2166,PACC1
2167,CCDC124
2168,ELAC2
2169,BTBD9
2170,COQ8A
2171,DHRS1
2172,RERG
2173,AGTR1
2174,LACRT
2175,TSG101
2176,PEG10
2177,PLEC
2178,MC3R
2179,GJB1
2180,ATF6
2181,ZEB2
2182,GTPBP10
2183,HOXB4
2184,CALR3
2185,SLC24A4
2186,PSD3
2187,SENP6
2188,SLC11A1
2189,CLEC4C
2190,PALMD
2191,PDCD6IP
2192,EPB41L3
2193,PODXL
2194,BCKDK
2195,KCNJ15
2196,ZNF341
2197,SCG5
2198,SPATA5L1
2199,SEPTIN9
2200,PROX1
2201,TGM1
2202,INSL4
2203,PDE4A
2204,LRRC20
2205,NOD1
2206,AMOT
2207,DYNC1H1
2208,CSF2RB
2209,DOK7
2210,KDM5D
2211,FCN2
2212,MST1
2213,TREX2
2214,IGFN1
2215,BFSP1
2216,RITA1
2217,TESK2
2218,RAD51
2219,RHOH
2220,ERCC3
2221,HES6
2222,DNPEP
2223,CHRM1
2224,EPHX2
2225,BMP2K
2226,CCL23
2227,MAD2L1
2228,EGLN3
2229,ADAMDEC1
2230,ANXA5
2231,FBXO42
2232,PTGER4
2233,FGF23
2234,EIF2AK3
2235,PRKCA
2236,AP2A2
2237,PDE5A
2238,SMPD3
2239,STAC3
2240,NECAB2
2241,ADIPOQ
2242,GABRG2
2243,PSMB5
2244,PCDH8
2245,DST
2246,NLRP3
2247,DPAGT1
2248,SLFN5
2249,TAC1
2250,CMSS1
2251,EPG5
2252,TMPRSS11E
2253,OCLN
2254,GLI3
2255,ACVR1
2256,WBP2
2257,BAK1
2258,SBNO1
2259,SERPINF2
2260,MTCH2
2261,POGZ
2262,TRIM65
2263,EGR3
2264,GIPC2
2265,WFS1
2266,SLIT2
2267,NGDN
2268,RUBCNL
2269,SPAG5
2270,NSUN5
2271,DPP8
2272,NFKB2
2273,CD83
2274,MAPK12
2275,SLC15A1
2276,FIP1L1
2277,CFAP46
2278,UBE2I
2279,LRCH1
2280,OSGIN1
2281,SLC6A5
2282,COL2A1
2283,TXNDC9
2284,SLC26A3
2285,LRRC38
2286,SNX1
2287,MRTFB
2288,DPYD
2289,LRRTM1
2290,NOS3
2291,ITGA2B
2292,MAP2K4
2293,PRPS1
2294,FABP7
2295,LMBR1L
2296,CYBB
2297,SLC9A3R1
2298,BRAF
2299,ENPP3
2300,UBR5
2301,ADRA1B
2302,IMPDH2
2303,TUBB
2304,VLDLR
2305,RAB27A
2306,FZR1
2307,OTOF
2308,HNF1B
2309,HSPBP1
2310,MEIS1
2311,OGFR
2312,CMYA5
2313,MEST
2314,SGSH
2315,RECQL
2316,ZC3HAV1L
2317,SORT1
2318,NEK2
2319,ADAM8
2320,DNAJB5
2321,UBE2D3
2322,GZMA
2323,PHB2
2324,ZC3H12D
2325,YES1
2326,MYH9
2327,SMARCE1
2328,BLK
2329,CCL26
2330,LRP5
2331,MAP4K4
2332,GNRHR
2333,PDLIM2
2334,IFIH1
2335,WDFY3
2336,PCID2
2337,JAM2
2338,TAP1
2339,LPAR6
2340,PHLDA3
2341,CD68
2342,SYT16
2343,POGLUT2
2344,SRPX
2345,UBE4B
2346,BID
2347,POLR2G
2348,HPSE
2349,EN1
2350,DMRT2
2351,KLF14
2352,MKRN3
2353,SNX27
2354,EPHB2
2355,SAMHD1
2356,SMURF1
2357,ACVRL1
2358,DHX34
2359,MAPRE2
2360,MAB21L1
2361,CD7
2362,GIMAP8
2363,RPE65
2364,GPR4
2365,ALDH2
2366,LGR6
2367,HIF1A
2368,ATP7A
2369,ATPAF1
2370,MICA
2371,IGF2BP2
2372,PIK3CG
2373,TENT5C
2374,USP7
2375,PROC
2376,HRAS
2377,AP3B2
2378,RAB28
2379,PI4KA
2380,ELMOD1
2381,SPZ1
2382,SLC22A4
2383,TNS2
2384,ZMPSTE24
2385,GRIN2C
2386,TM4SF5
2387,RIOX1
2388,EYA4
2389,GABRR3
2390,NXPH4
2391,ABL1
2392,PTGIR
2393,CXCL9
2394,CCDC170
2395,SNRPD3
2396,CSF2RA
2397,ZPR1
2398,NXPH2
2399,EPHA2
2400,DNAH8
2401,KCNRG
2402,CUL1
2403,SIN3A
2404,PRKCD
2405,EPS8L3
2406,TBP
2407,LTBR
2408,PDE6H
2409,EGFL7
2410,SIRT7
2411,TNFRSF8
2412,N4BP2
2413,BCL11A
2414,ID4
2415,ATXN2
2416,HSD17B6
2417,SYP
2418,ARNT
2419,UGT1A1
2420,TOP3B
2421,MELK
2422,DNAJC10
2423,TXNRD1
2424,RAC1
2425,ERCC6
2426,CHFR
2427,GRWD1
2428,NELL1
2429,AAMP
2430,FCMR
2431,TSPAN8
2432,BAAT
2433,DICER1
2434,IL3RA
2435,SCGN
2436,KCNF1
2437,EIF2S1
2438,DEFA6
2439,NBL1
2440,IKBKG
2441,HPD
2442,HDAC8
2443,MME
2444,URGCP
2445,MLF1
2446,LYN
2447,ABCD3
2448,MSR1
2449,APOM
2450,ENKUR
2451,NCR3
2452,ITGAV
2453,CD1C
2454,SELPLG
2455,GRIK4
2456,RUNX1T1
2457,SDHB
2458,NKRF
2459,STXBP5
2460,CNTLN
2461,TOM1L2
2462,CRY2
2463,LRP2
2464,MYO5A
2465,NOP2
2466,ULK2
2467,NR2E3
2468,FLT4
2469,MSC
2470,ARNTL
2471,CCNE1
2472,CLSTN1
2473,MLH1
2474,XPO6
2475,CHODL
2476,FMO5
2477,DIRAS3
2478,ZBTB25
2479,TFAP2A
2480,IFRD1
2481,ZFYVE21
2482,ROR2
2483,LAIR1
2484,ALDH3A2
2485,KAT2A
2486,ZBTB21
2487,DEPTOR
2488,SOX30
2489,PPM1H
2490,TECPR1
2491,GSTO1
2492,TGFA
2493,SLC29A3
2494,TOLLIP
2495,TPX2
2496,POLR2A
2497,HERC6
2498,GRIN2D
2499,STXBP4
2500,ADGRB2
2501,LBH
2502,EZH2
2503,CAMK1
2504,KCNN4
2505,KPNA6
2506,CASS4
2507,TTI1
2508,PON2
2509,TSC1
2510,GH1
2511,MDC1
2512,PREP
2513,HPGDS
2514,GSR
2515,GHSR
2516,SEMA4C
2517,PPP4R4
2518,HOXC13
2519,SAPCD2
2520,FANCC
2521,KCNH2
2522,EIF1AY
2523,ALKBH5
2524,ECHS1
2525,GYG2
2526,BST1
2527,ADRA2C
2528,RFC5
2529,IL18BP
2530,ANGPTL3
2531,ATXN7L2
2532,SPIB
2533,TCF7
2534,HSPD1
2535,SINHCAF
2536,TBX5
2537,SIGLEC7
2538,HCN4
2539,SLC2A2
2540,AIP
2541,CYHR1
2542,CBLIF
2543,TGFB3
2544,TTC4
2545,BEX2
2546,CACNG5
2547,FCGR2B
2548,MKNK1
2549,CCR2
2550,ABCD4
2551,ITGA3
2552,GPR85
2553,BRDT
2554,CNTNAP1
2555,UTP23
2556,BICRAL
2557,SLC9A3
2558,GLCCI1
2559,RETN
2560,MCTP2
2561,WEE1
2562,KCNMA1
2563,CD302
2564,RILPL2
2565,KLF16
2566,GPN1
2567,TBX21
2568,SSTR5
2569,GAD2
2570,GSK3A
2571,NES
2572,MAL2
2573,FAT2
2574,PRICKLE1
2575,PPARD
2576,DAZL
2577,SLC37A4
2578,SLC6A3
2579,TUBB2B
2580,TOP2A
2581,ARID3B
2582,KCNS1
2583,SH2D1A
2584,MARK2
2585,LRRC3B
2586,CISD2
2587,DKC1
2588,CHAF1A
2589,SRF
2590,NFATC1
2591,FREM2
2592,RTN4IP1
2593,BDKRB1
2594,PBLD
2595,AFAP1L2
2596,KCNK16
2597,SIAE
2598,MFGE8
2599,IFNA2
2600,EPHB4
2601,PORCN
2602,CHRAC1
2603,NRSN1
2604,EBI3
2605,NTMT1
2606,CCDC50
2607,VSNL1
2608,SSRP1
2609,EPHA7
2610,ACTBL2
2611,C3AR1
2612,CDK4
2613,ISOC2
2614,RETREG3
2615,SYVN1
2616,ABCC12
2617,RAPGEF6
2618,TGM3
2619,CYSLTR2
2620,DNAJB12
2621,SVEP1
2622,TIGIT
2623,ZC3H7A
2624,ATG7
2625,CARD11
2626,FCAR
2627,LAMP3
2628,KEAP1
2629,GLIPR2
2630,CRK
2631,ADGRE5
2632,RASD2
2633,SOHLH2
2634,OPRL1
2635,APEX2
2636,GPR37L1
2637,PYM1
2638,PYCARD
2639,ATG2A
2640,SUPV3L1
2641,EPHB1
2642,AMACR
2643,ABCA7
2644,CDK1
2645,PRL
2646,SOX9
2647,YTHDC2
2648,MALL
2649,GDF7
2650,IKBKE
2651,THRB
2652,MMP14
2653,TRPM4
2654,RNF167
2655,CAVIN3
2656,SLC25A10
2657,NCF2
2658,SLC17A6
2659,FIBP
2660,PRKCB
2661,DISC1
2662,GPR83
2663,IL10RB
2664,SLC2A1
2665,EIF1AD
2666,BMPR1A
2667,ZFHX4
2668,MAPK14
2669,SAMD5
2670,KCNJ2
2671,CCKAR
2672,NAV2
2673,BACE1
2674,ZBTB16
2675,CTNNAL1
2676,SP1
2677,LATS2
2678,AUNIP
2679,SLC1A3
2680,RTL1
2681,SH3BGR
2682,GSDMC
2683,FOXA1
2684,RIC8A
2685,NME1
2686,CYBC1
2687,NDUFAB1
2688,ITPR3
2689,CD248
2690,GLA
2691,SIGLEC6
2692,SF3B1
2693,COCH
2694,BIK
2695,SIAH1
2696,MAFF
2697,SPINK7
2698,DHODH
2699,MAP7D1
2700,FAM168A
2701,PHF21B
2702,RGS5
2703,TMEM192
2704,TMEM209
2705,AKAP11
2706,NECTIN1
2707,IL2RB
2708,USP27X
2709,GPRC5B
2710,STC2
2711,ZNF410
2712,FIBCD1
2713,GALE
2714,PANK2
2715,TRPM7
2716,PDHA1
2717,CCND3
2718,PCDH11Y
2719,ASCL1
2720,HTR1D
2721,AVPR1A
2722,JRK
2723,SND1
2724,ABCA1
2725,SIRPG
2726,PHLPP1
2727,SHMT1
2728,CUL4B
2729,LAD1
2730,BUB1
2731,EDN1
2732,GP5
2733,NHLH2
2734,CPB2
2735,BDNF
2736,NCK1
2737,TAC3
2738,BCL2L11
2739,NPPB
2740,CPT1A
2741,GIMAP4
2742,DAP3
2743,POMGNT1
2744,MMADHC
2745,SMOX
2746,UPK3B
2747,ROCK1
2748,FBXW7
2749,IL34
2750,IFI44L
2751,NUMA1
2752,OGDH
2753,PTP4A3
2754,NUP153
2755,ZNF829
2756,SCRN1
2757,AP1S3
2758,PLA2R1
2759,BANK1
2760,SLC7A11
2761,GPR158
2762,TH
2763,DLG1
2764,F11R
2765,TAL2
2766,FOXP2
2767,TBR1
2768,MRE11
2769,NAP1L4
2770,STAU2
2771,CFAP43
2772,CASK
2773,INPP5D
2774,RRP15
2775,SNX16
2776,SEMA3F
2777,SMURF2
2778,NCF4
2779,TNIP1
2780,DNASE1L3
2781,TSBP1
2782,P4HTM
2783,TNMD
2784,SNCA
2785,PPP1R1C
2786,ITPR1
2787,CD44
2788,APEX1
2789,IL16
2790,KCNK6
2791,NCS1
2792,MAN2B1
2793,PLA2G5
2794,ZCCHC3
2795,KCNC4
2796,SLC5A7
2797,MOB4
2798,NAAA
2799,ABCC2
2800,MLPH
2801,TBXA2R
2802,CDKL3
2803,KCNK3
2804,SV2C
2805,ORC6
2806,STEAP4
2807,RRAD
2808,RREB1
2809,DIP2A
2810,IRF5
2811,TNFRSF11A
2812,KMO
2813,ARL8B
2814,MAD1L1
2815,IL12RB2
2816,BCAN
2817,TMEM200A
2818,CYFIP2
2819,ADTRP
2820,GABRB3
2821,CRYBG1
2822,RIPOR1
2823,SLC7A5
2824,RASD1
2825,BRD4
2826,NRN1
2827,TET2
2828,RAF1
2829,SPON1
2830,CHRM3
2831,INCA1
2832,PAEP
2833,STRIP1
2834,ADORA1
2835,HABP2
2836,FHL2
2837,SHFL
2838,EDIL3
2839,TMEM33
2840,ATL2
2841,CDK9
2842,CRKL
2843,AKTIP
2844,SDC4
2845,KHSRP
2846,ATXN1
2847,MCM5
2848,CTLA4
2849,ETV1
2850,F8
2851,MEIS3
2852,MPZL1
2853,APPBP2
2854,MAP3K5
2855,CBL
2856,DLG4
2857,PRR14L
2858,FAIM
2859,NRK
2860,FMOD
2861,MSN
2862,PRNP
2863,ADGRA1
2864,PLA2G7
2865,SLC35G2
2866,CCRL2
2867,VAV3
2868,FUT4
2869,VSIR
2870,BAD
2871,PTH2R
2872,APOB
2873,P2RY1
2874,GAD1
2875,DDX27
2876,MRAP
2877,BCL2
2878,AURKA
2879,PTGFRN
2880,SIGLEC11
2881,NLGN3
2882,BLM
2883,TPPP3
2884,NUP107
2885,TERT
2886,ABI3BP
2887,ATIC
2888,DPF3
2889,SPOCK1
2890,TINAG
2891,DNAH1
2892,HUWE1
2893,TRAF3IP3
2894,DTX1
2895,MITD1
2896,UQCC3
2897,ARG2
2898,TRPC3
2899,GAGE1
2900,FGF19
2901,CD34
2902,RBM27
2903,ZMIZ1
2904,STH
2905,MIIP
2906,SIRT2
2907,TRAF4
2908,IPO5
2909,TYRO3
2910,VTCN1
2911,IQGAP1
2912,ENTPD1
2913,BMPR2
2914,NXN
2915,PTK6
2916,ZNF280C
2917,KCNA4
2918,MAPK8IP2
2919,DRAM1
2920,CDH2
2921,ILK
2922,SMARCA1
2923,TMEM106B
2924,ZBED9
2925,UFC1
2926,MAX
2927,BMP5
2928,CHRNB2
2929,MAP3K7
2930,BAG6
2931,JAK1
2932,SPPL2A
2933,SSTR1
2934,PAK2
2935,RUNX1
2936,GMDS
2937,ROCK2
2938,CANX
2939,ITGB2
2940,JAK3
2941,SFXN1
2942,JAK2
2943,UBE3A
2944,CLEC16A
2945,CDC14A
2946,QPCTL
2947,F13A1
2948,CRB2
2949,TSPAN4
2950,CDH6
2951,PDHB
2952,GXYLT2
2953,ERVFRD-1
2954,FBXW11
2955,HERC2
2956,CASP10
2957,AIFM1
2958,NPTN
2959,SLITRK2
2960,AIF1L
2961,KIF2C
2962,CD4
2963,BCR
2964,DAO
2965,GYPA
2966,ALOX12
2967,DNAJC9
2968,ADGRB1
2969,HGH1
2970,ZNF592
2971,IL1A
2972,TYK2
2973,FUBP3
2974,KCNJ13
2975,TNFRSF21
2976,NEXN
2977,FAIM2
2978,CDKN1C
2979,ZSCAN20
2980,TTPA
2981,DUSP6
2982,FRAS1
2983,FOXRED1
2984,MCM7
2985,KCNQ4
2986,SRSF2
2987,ATG16L1
2988,CACNA1C
2989,AMER1
2990,ZSCAN1
2991,CD163
2992,FOXP4
2993,MPHOSPH9
2994,RRAS
2995,EGR4
2996,DHX30
2997,DMD
2998,ARX
2999,GPR149
3000,TLR6
3001,HPCA
3002,SLC4A1
3003,P2RX4
3004,PHLDB3
3005,APOBEC3B
3006,GABRQ
3007,TFPI2
3008,PLN
3009,TNFSF10
3010,EXO1
3011,POU3F1
3012,TBX19
3013,POLB
3014,IGF1
3015,IL11RA
3016,IL21
3017,SQSTM1
3018,MRC2
3019,TNFRSF11B
3020,CEP112
3021,GTPBP4
3022,RIPK1
3023,LTK
3024,TNR
3025,SNTB2
3026,RGS4
3027,COL4A1
3028,HMMR
3029,CCND2
3030,SORCS2
3031,GOT1
3032,ABCB6
3033,CYP2A6
3034,RNF180
3035,NSD2
3036,GDF3
3037,RORC
3038,COL11A1
3039,TRPS1
3040,ANPEP
3041,TLR10
3042,NEFH
3043,NDP
3044,DDX19A
3045,CGNL1
3046,HEATR5A
3047,DHCR7
3048,DNM1
3049,BMP8B
3050,SOX18
3051,C1QBP
3052,PTCD2
3053,ERRFI1
3054,CD109
3055,CCN1
3056,LDLR
3057,NAT2
3058,LPAR3
3059,NPR3
3060,RNASEL
3061,FOXO1
3062,GPR174
3063,CD8A
3064,BACH2
3065,MYCL
3066,SULT1A1
3067,CDHR1
3068,CGRRF1
3069,MYLK3
3070,TEDC1
3071,CDX2
3072,ADGRE2
3073,ANXA2
3074,DUSP28
3075,GABRA5
3076,MC4R
3077,SETDB1
3078,MPI
3079,PXN
3080,PABPC1L
3081,CCL18
3082,FASN
3083,NOL4
3084,GANAB
3085,CASZ1
3086,SAMD4A
3087,THAP11
3088,GIGYF1
3089,CYP11A1
3090,ADIPOR1
3091,SERPINH1
3092,AURKB
3093,GTF3C1
3094,PROCR
3095,ATF3
3096,PHETA1
3097,TMEM9B
3098,CDCA3
3099,CABYR
3100,AKT2
3101,KCNH3
3102,CBR1
3103,LMO2
3104,ZNF768
3105,GATA3
3106,MFAP5
3107,GRAMD1A
3108,PDE4B
3109,MAGEA10
3110,ACTL7A
3111,PRKCI
3112,C1QTNF9
3113,PID1
3114,DPP4
3115,PANX2
3116,HNRNPM
3117,TSPAN3
3118,TRPV4
3119,ANKRD40
3120,SLC17A8
3121,LDLRAD4
3122,TCF7L2
3123,PARD3
3124,POR
3125,SDAD1
3126,INSC
3127,LILRA2
3128,IL18RAP
3129,KMT2A
3130,SLC30A8
3131,PAK1
3132,ADGRD1
3133,IMMT
3134,CYCS
3135,F11
3136,CTTN
3137,CORT
3138,VSX2
3139,DDX51
3140,HTR1E
3141,CCDC61
3142,DACT2
3143,PTK7
3144,GART
3145,HSD3B1
3146,PCDH10
3147,THBD
3148,CDC123
3149,SPATA16
3150,SLITRK4
3151,S1PR1
3152,VSTM1
3153,GPR34
3154,ITGB7
3155,NTRK1
3156,DDX39B
3157,SLC17A5
3158,GTPBP1
3159,SPICE1
3160,CDK18
3161,CTNNB1
3162,MYO1B
3163,SOX6
3164,IL18
3165,NRSN2
3166,NT5DC3
3167,CRYBB3
3168,REEP6
3169,FANCD2
3170,LIF
3171,DDX31
3172,SPI1
3173,TBK1
3174,TMEM45B
3175,ATF1
3176,GJB6
3177,FRMD7
3178,CIDEC
3179,TSSC4
3180,CRHR2
3181,NRAS
3182,CPXM2
3183,IL22
3184,PIBF1
3185,SPATA7
3186,ACACB
3187,GRB2
3188,ESF1
3189,YY1
3190,RNASEH2B
3191,FCRL5
3192,HOXB7
3193,FOXP3
3194,POLR2H
3195,TCL1A
3196,LIM2
3197,CD1E
3198,CEP19
3199,TPMT
3200,CHRNB1
3201,GUCY1A2
3202,SNAI2
3203,HBS1L
3204,IL1RAP
3205,IRS4
3206,EIF2AK2
3207,EEF1A2
3208,GCLM
3209,NTPCR
3210,TNFRSF13C
3211,CSE1L
3212,CHD7
3213,HSPB3
3214,SNTG2
3215,PSMC5
3216,NDRG1
3217,SLC18A2
3218,ICOS
3219,AQP5
3220,ZAN
3221,CCDC102B
3222,C1RL
3223,ASH2L
3224,RAG1
3225,CFP
3226,SLC20A2
3227,C5
3228,SPATA5
3229,DNTT
3230,ADGRG5
3231,GPR17
3232,PAGE4
3233,CD1D
3234,CDH3
3235,MYCBP
3236,TUSC2
3237,MDM1
3238,CYP1A1
3239,HTR1A
3240,EGLN1
3241,ADRA1A
3242,SMARCA2
3243,SULF1
3244,CCT3
3245,CAPN1
3246,ENOX2
3247,PRKD1
3248,TACR1
3249,RBM38
3250,RELB
3251,ORAI3
3252,CRNN
3253,FILIP1L
3254,LRRC47
3255,NTN4
3256,PROM1
3257,IL15
3258,TDRD7
3259,CLDN5
3260,HOXD10
3261,PCK1
3262,LRRK2
3263,NOX4
3264,DIS3L2
3265,NDNF
3266,PCDHA2
3267,RMND1
3268,XRCC6
3269,ZSCAN16
3270,GPBP1
3271,FDFT1
3272,PAX1
3273,NIFK
3274,PTPN1
3275,COMT
3276,NAIF1
3277,ATAD3A
3278,CBX5
3279,IFNGR2
3280,ACAP1
3281,C9
3282,PRMT5
3283,CORO1C
3284,APOL2
3285,RAB9A
3286,DRD2
3287,CNTNAP4
3288,HHLA2
3289,IL24
3290,IL26
3291,PGM1
3292,SH3BP5
3293,BARHL2
3294,TRAF3IP2
3295,HFE
3296,CPEB2
3297,NPFFR2
3298,FCER1A
3299,MUC5B
3300,FABP2
3301,ELK1
3302,IL13
3303,VASP
3304,CRIPT
3305,USP6
3306,SHOX
3307,LAMP1
3308,SLC17A7
3309,CKAP2
3310,NKX2-3
3311,XPO7
3312,SERPINC1
3313,PPP1R16B
3314,NEFM
3315,GABRP
3316,CLCN4
3317,CYP19A1
3318,PRPH2
3319,TNFRSF14
3320,RASSF8
3321,GDF11
3322,LZIC
3323,SLC12A2
3324,NKX2-4
3325,BRIX1
3326,DNAJA3
3327,PRKAG2
3328,HDAC9
3329,DEFB4A
3330,MAN1B1
3331,REPS1
3332,C1QL3
3333,KCTD20
3334,SOX5
3335,KDM1A
3336,SLC38A7
3337,KITLG
3338,UEVLD
3339,TGFBR2
3340,HTR2C
3341,CPEB3
3342,PRKCZ
3343,TICAM2
3344,SEMA4B
3345,LAMC2
3346,CPLX3
3347,RBBP8
3348,TRIM47
3349,TRHR
3350,DHX9
3351,IFI35
3352,POMC
3353,GABBR1
3354,GREM1
3355,DNAJA1
3356,RBL2
3357,DUSP13
3358,BLOC1S2
3359,CSF3
3360,HSPG2
3361,CKAP4
3362,STUB1
3363,CXCL12
3364,FAM9B
3365,JDP2
3366,HOPX
3367,LY96
3368,RFC3
3369,CNMD
3370,CBARP
3371,CTXN3
3372,RXRA
3373,NUDT1
3374,CD2AP
3375,AICDA
3376,SMAD7
3377,FGFR3
3378,IL2RG
3379,EPAS1
3380,CEP85
3381,DLX4
3382,MMP9
3383,SMARCAL1
3384,ASF1B
3385,TAB2
3386,ADAMTS4
3387,PCBP3
3388,GNS
3389,PRLR
3390,PAK1IP1
3391,ACOD1
3392,SF3B4
3393,ICAM2
3394,CD2BP2
3395,FKTN
3396,CLK4
3397,DHX57
3398,RO60
3399,PKIA
3400,MFN2
3401,LINS1
3402,PTPRJ
3403,SSBP3
3404,MAFB
3405,SF3B3
3406,KCNK17
3407,BAG2
3408,TRPM6
3409,CD14
3410,NR4A1
3411,SLC30A7
3412,HADHA
3413,CCNA1
3414,CSNK2A1
3415,CUL5
3416,PEF1
3417,LGALS13
3418,DACH2
3419,PWWP3A
3420,RHAG
3421,PTPN13
3422,NPY1R
3423,DUOXA2
3424,PTGER2
3425,CSRP1
3426,NTSR2
3427,TELO2
3428,FLT3LG
3429,NCBP1
3430,STOML1
3431,CLCN3
3432,COMP
3433,CDC37
3434,CRYGS
3435,PPP2CA
3436,COPS5
3437,DIP2B
3438,FLNC
3439,SPTBN1
3440,COL10A1
3441,EIF4EBP3
3442,EZHIP
3443,HAX1
3444,GRIK3
3445,TAB1
3446,STK31
3447,IL36G
3448,IL17RB
3449,RTN1
3450,HSD17B10
3451,IL5
3452,PTGES
3453,PRMT9
3454,CFLAR
3455,ADAM17
3456,CD244
3457,MCHR1
3458,VIPR1
3459,SERPIND1
3460,CD79A
3461,RNF38
3462,TFRC
3463,GRPR
3464,NOS1AP
3465,CD3G
3466,CD38
3467,SHROOM1
3468,WWP2
3469,ECPAS
3470,BSDC1
3471,CA4
3472,KCNH1
3473,MAP3K14
3474,XPO1
3475,TPCN1
3476,LAMA3
3477,TMEM119
3478,IL12B
3479,RPAP1
3480,CLEC12A
3481,LAMB3
3482,PDZD4
3483,PLA2G6
3484,DHFR
3485,ARHGEF7
3486,HNRNPD
3487,TASOR2
3488,IL17B
3489,PCBD2
3490,TEKT3
3491,E2F3
3492,CHEK1
3493,UBE2C
3494,NT5C2
3495,OCM2
3496,BAZ2B
3497,CLPX
3498,NMB
3499,HRH4
3500,MLXIP
3501,GAB2
3502,SMCHD1
3503,SOCS2
3504,MCM9
3505,TGFBR1
3506,PCDHA1
3507,LGALSL
3508,IPO9
3509,PGF
3510,EHMT2
3511,BATF3
3512,PBK
3513,CYP4F2
3514,NNAT
3515,CCT8
3516,PCDH18
3517,BTRC
3518,ESRRA
3519,MAPK15
3520,SELENBP1
3521,SMAD4
3522,LILRA1
3523,GLB1
3524,HPS5
3525,ZBP1
3526,KCNJ6
3527,TRMT2A
3528,RP1L1
3529,PTGS2
3530,MAML2
3531,TNFRSF12A
3532,HMGCR
3533,SLC2A9
3534,DPF2
3535,PARM1
3536,SORCS1
3537,CDK2
3538,SAMD9
3539,HOXB5
3540,CKAP5
3541,TRH
3542,HCFC1
3543,CXCR2
3544,ILDR2
3545,PNP
3546,AGAP1
3547,TMA16
3548,CALML3
3549,FAM107A
3550,ABCA4
3551,ARMC7
3552,UBAP2L
3553,DKK3
3554,ACYP2
3555,DDC
3556,IL11
3557,FGFR4
3558,MAPK8IP3
3559,HK2
3560,RXFP3
3561,VSIG4
3562,MAP1LC3A
3563,CX3CR1
3564,CCL13
3565,CLDN1
3566,LIN28B
3567,DHX29
3568,LAG3
3569,CXCR5
3570,ZC3H12A
3571,EIF4A3
3572,CFTR
3573,LMO1
3574,FLI1
3575,BLNK
3576,GPR139
3577,MTRES1
3578,BAX
3579,CCT2
3580,MIEN1
3581,OPRD1
3582,YY1AP1
3583,OLFML3
3584,TREM1
3585,MUC4
3586,ANKK1
3587,LINGO2
3588,TRPM1
3589,FOXB1
3590,TP53BP1
3591,FAM126B
3592,DAXX
3593,RBMS3
3594,SLC25A17
3595,ABCF3
3596,VDAC1
3597,SYNCRIP
3598,RBBP7
3599,RLN2
3600,DAP
3601,HDAC3
3602,KLRB1
3603,COASY
3604,STYK1
3605,SNRPB
3606,PSPC1
3607,IL2RA
3608,NUP93
3609,FNDC5
3610,RHBDD2
3611,SPAG1
3612,TNFSF12
3613,SQLE
3614,CRYBG3
3615,MGAM
3616,MAP1B
3617,MALT1
3618,CCL15
3619,IGF2BP1
3620,FEZ1
3621,CEMIP2
3622,IFIT3
3623,IL10RA
3624,IL21R
3625,SP9
3626,CRHR1
3627,AGMAT
3628,EMP2
3629,CST4
3630,RNF26
3631,CD151
3632,RFPL3
3633,FADD
3634,ZNF449
3635,STK39
3636,TRIM67
3637,PROM2
3638,TRPC7
3639,NPY2R
3640,PPARG
3641,SELENOT
3642,CCDC6
3643,CCN4
3644,ZNF8
3645,CCL22
3646,PAX5
3647,RHOA
3648,PEA15
3649,TTK
3650,CD82
3651,ADGRL1
3652,AFM
3653,EIF4EBP2
3654,UBE2L3
3655,PER3
3656,SOX21
3657,POLD1
3658,FDPS
3659,INSRR
3660,LOXL2
3661,PRG2
3662,SERPINB9
3663,PITHD1
3664,DPPA2
3665,LILRA6
3666,FPR2
3667,SRY
3668,TSPAN14
3669,GPT
3670,RUVBL2
3671,TMEM39A
3672,TRAF6
3673,ABCA3
3674,PGBD1
3675,CXADR
3676,NECTIN3
3677,SDK2
3678,PLS3
3679,PDCD10
3680,POMT1
3681,FOLR2
3682,CLIC3
3683,PPP1R1B
3684,MYLK2
3685,SEC13
3686,PADI4
3687,DYRK1A
3688,GRIN2B
3689,MMP11
3690,PRM1
3691,GTF2I
3692,SMARCB1
3693,SUGCT
3694,APP
3695,RAVER1
3696,DNAH12
3697,GFPT1
3698,STX7
3699,GGT1
3700,CSPG4
3701,IL6
3702,MMP13
3703,IFNAR2
3704,CCNB3
3705,C5AR1
3706,ANGPTL8
3707,SERPINB2
3708,INHA
3709,TMEM185A
3710,DDIT4L
3711,DPM1
3712,PRRC2A
3713,NRP2
3714,VGLL3
3715,CACNA1D
3716,STAT5A
3717,CCNB2
3718,LZTS1
3719,CASR
3720,EPHA8
3721,PRKN
3722,ERLIN2
3723,PTPN22
3724,MMP21
3725,MAPK9
3726,XPNPEP1
3727,ULK1
3728,GABRA6
3729,ITGA6
3730,MSTN
3731,HCRTR1
3732,TRIP13
3733,ATXN2L
3734,PSMD3
3735,PC
3736,CACNG4
3737,SDC2
3738,U2AF2
3739,HCN3
3740,WDFY4
3741,GRM5
3742,NR5A2
3743,CLK3
3744,EDRF1
3745,CDA
3746,IQSEC1
3747,IRAK4
3748,EWSR1
3749,GLS2
3750,INPPL1
3751,SSTR3
3752,KLF12
3753,FN3KRP
3754,PLVAP
3755,BAIAP2
3756,NR6A1
3757,TLR9
3758,KCNU1
3759,PCDH20
3760,PIK3R1
3761,KDM8
3762,NEUROD1
3763,MTRF1
3764,LAMP2
3765,COL4A3
3766,CCL11
3767,HESX1
3768,NRDE2
3769,NT5E
3770,UHRF1
3771,TES
3772,SMAD2
3773,MEN1
3774,DCAF1
3775,PELO
3776,LOXL1
3777,CDKN2A
3778,AKT1
3779,SMARCA4
3780,PRG4
3781,PTBP2
3782,PIEZO1
3783,ATP6V1B1
3784,STK40
3785,HOXC11
3786,CCR5
3787,ADRA2B
3788,GATA2
3789,POLR2B
3790,E2F1
3791,HBG1
3792,CBLN4
3793,NDRG4
3794,PLP2
3795,AARSD1
3796,TSPO
3797,RAB7A
3798,FOXL2
3799,RAD54L
3800,PRDM6
3801,MEPCE
3802,KDM5B
3803,NRIP1
3804,FHL1
3805,GPHN
3806,HBEGF
3807,FLRT3
3808,MTERF2
3809,RLN1
3810,TLR5
3811,BCAM
3812,TAF1
3813,CSK
3814,POLDIP2
3815,CADM3
3816,PTAFR
3817,NPPA
3818,KRTCAP2
3819,CREB1
3820,WWOX
3821,BMP8A
3822,NUP98
3823,PDPN
3824,PTPRQ
3825,GAP43
3826,SLC1A5
3827,HSD11B2
3828,NOLC1
3829,PTGIS
3830,PHF6
3831,TEX30
3832,PAPSS1
3833,ECE1
3834,NUMB
3835,APAF1
3836,PDIA2
3837,ELFN1
3838,SEC16A
3839,DAB2
3840,SPATA4
3841,TNXB
3842,NR1H3
3843,PURB
3844,NIPSNAP1
3845,CKS2
3846,MED1
3847,LDB3
3848,CTH
3849,PSEN2
3850,DNAJB2
3851,CACNG3
3852,CDH23
3853,UTRN
3854,CPVL
3855,CBLN3
3856,INHBA
3857,CHEK2
3858,TRPC6
3859,ICAM4
3860,KCNJ11
3861,WASL
3862,EBP
3863,WDR77
3864,DDX55
3865,ZNF326
3866,WWTR1
3867,SEMA7A
3868,FGF21
3869,TGM4
3870,RBMX
3871,IDE
3872,SLC19A1
3873,SLC22A1
3874,NIPSNAP3A
3875,SERPINA5
3876,TMEM98
3877,FUS
3878,CMKLR1
3879,MRC1
3880,GPR135
3881,UPK2
3882,CHAMP1
3883,NF1
3884,PGAM5
3885,CEP55
3886,POU3F4
3887,APOBEC3G
3888,NLRP2
3889,DAB1
3890,ANK1
3891,CCDC136
3892,LGALS8
3893,ETV3
3894,STAT2
3895,CYP24A1
3896,PRPF8
3897,ABCC1
3898,RCOR1
3899,GABRA4
3900,CTSH
3901,JUP
3902,ATOH1
3903,NMU
3904,PPARA
3905,PTGS1
3906,CLEC6A
3907,TNFAIP8
3908,CFB
3909,RBM23
3910,KLHDC2
3911,ANKS6
3912,PHF12
3913,MAS1
3914,TMIGD2
3915,HOXB9
3916,FMN2
3917,TMEM201
3918,CDH13
3919,CYP1B1
3920,SACS
3921,CINP
3922,LTBP2
3923,ECHDC1
3924,GLS
3925,MZB1
3926,IL12A
3927,ARR3
3928,OLFM2
3929,SOX17
3930,SLC25A13
3931,SERPINB5
3932,RBM19
3933,MYO6
3934,IL22RA1
3935,TRPV6
3936,ADORA2B
3937,ITGA4
3938,UNC119
3939,ADNP
3940,RASA1
3941,IL17F
3942,SSTR2
3943,LGALS9
3944,SLC12A6
3945,ADAM10
3946,CDC25C
3947,PNPLA1
3948,CNOT1
3949,MITF
3950,TIMP2
3951,UBE2D2
3952,SMARCA5
3953,TOX4
3954,TPH1
3955,SDC3
3956,DOT1L
3957,SALL4
3958,PLAU
3959,POU2F2
3960,SIM2
3961,KDM4A
3962,HIVEP2
3963,MYH10
3964,TNFSF11
3965,PBX3
3966,NEK8
3967,CETP
3968,SLITRK5
3969,CCL16
3970,PCDHA9
3971,GLRA1
3972,REEP4
3973,MRTFA
3974,NOSTRIN
3975,ZNF142
3976,CLEC7A
3977,PTEN
3978,CTNNA1
3979,PRKCG
3980,KPNA2
3981,EN2
3982,CD55
3983,CES1
3984,AR
3985,LEP
3986,OBP2A
3987,KISS1R
3988,ATG10
3989,GDF15
3990,CTNND1
3991,MANEA
3992,GPATCH11
3993,KLRF1
3994,CCL1
3995,ZFX
3996,HES1
3997,RBX1
3998,CDH11
3999,HES4
4000,PRMT1
4001,CABP4
4002,CD207
4003,CLEC5A
4004,PELP1
4005,C8B
4006,TIAM1
4007,SLC22A2
4008,HPSE2
4009,MECOM
4010,KLHL4
4011,LEPROTL1
4012,HEXA
4013,CHST8
4014,CCNT1
4015,DRC1
4016,MYEF2
4017,PLIN1
4018,ZNF687
4019,CMA1
4020,EGR2
4021,BRIP1
4022,ENG
4023,TPPP
4024,PRKCH
4025,MOV10
4026,USP29
4027,PAIP2
4028,NF2
4029,RCN2
4030,ZCCHC17
4031,SOX1
4032,TMEM126A
4033,GLRA3
4034,TICRR
4035,GLYR1
4036,KCNJ16
4037,F7
4038,GPER1
4039,BOLL
4040,PFKFB3
4041,POPDC3
4042,KHDC3L
4043,OCRL
4044,MLXIPL
4045,SEPTIN6
4046,CLIC4
4047,OXSM
4048,TIRAP
4049,KAT5
4050,PRKCE
4051,NEK1
4052,CCDC7
4053,TNNI3
4054,MCM3AP
4055,ICAM3
4056,USP36
4057,STAT5B
4058,TMPO
4059,NR2C2
4060,DNAH5
4061,CDKN3
4062,ZNF177
4063,HELLS
4064,TBXAS1
4065,CILP2
4066,INHBB
4067,TNFSF15
4068,PRDM13
4069,SLITRK1
4070,AMH
4071,FEN1
4072,SOCS3
4073,ALG9
4074,SLC39A9
4075,FGF1
4076,HRH2
4077,CHRDL2
4078,ZDHHC22
4079,PKHD1
4080,SLC16A1
4081,SPRY2
4082,FUT3
4083,UBASH3B
4084,EIF4A1
4085,FOXJ2
4086,PAX3
4087,C6
4088,XCL2
4089,ZNF683
4090,DDX3Y
4091,CD2
4092,CHRM5
4093,ZBTB49
4094,KDM6B
4095,HCN2
4096,POU1F1
4097,OPALIN
4098,TICAM1
4099,SMAD1
4100,IGSF1
4101,HEATR3
4102,SOX8
4103,UBE2D1
4104,CENPF
4105,NEFL
4106,ZUP1
4107,GBE1
4108,CENPA
4109,SHARPIN
4110,GALK1
4111,CST5
4112,FCRL2
4113,HECTD4
4114,SLC25A31
4115,IMPG1
4116,FAM53C
4117,CRYZL1
4118,STIM1
4119,ZER1
4120,BCL2L12
4121,PGAP1
4122,PLXDC1
4123,TLR8
4124,AHRR
4125,DAZAP1
4126,NLRP9
4127,GCNT4
4128,TK1
4129,FGF13
4130,TCEANC
4131,IRGM
4132,FOXI1
4133,IKZF3
4134,FAT4
4135,SURF6
4136,NCAM1
4137,POU2F3
4138,ANGPTL2
4139,TMEM43
4140,ODR4
4141,CCR6
4142,RSPRY1
4143,AIRE
4144,CD6
4145,TLE6
4146,RASSF1
4147,FECH
4148,SHH
4149,TEK
4150,TRAFD1
4151,BCORL1
4152,HTR6
4153,PIKFYVE
4154,ZNF165
4155,ECRG4
4156,GRIN1
4157,APOBEC3C
4158,CHD5
4159,RRP1B
4160,MAPK8IP1
4161,PRDM15
4162,CASP2
4163,LAPTM4B
4164,AP1B1
4165,TLK2
4166,MPLKIP
4167,NEURL4
4168,CD93
4169,TOMM40
4170,PRTN3
4171,RETREG1
4172,RTKN2
4173,CDK5
4174,NPC1
4175,GCNT2
4176,SCN7A
4177,LCAT
4178,KCNQ1
4179,LONP1
4180,PRPF31
4181,PML
4182,RDM1
4183,CCKBR
4184,CALCB
4185,YTHDF3
4186,PRPSAP1
4187,APOBEC3F
4188,PPIC
4189,ABHD11
4190,IQGAP2
4191,ITGA2
4192,KCNN3
4193,GYS1
4194,MID2
4195,ATP10D
4196,BCL2A1
4197,AGRP
4198,EED
4199,SH2D2A
4200,MLANA
4201,CCDC27
4202,GABRA1
4203,PBX1
4204,CGAS
4205,MYO1E
4206,ADD1
4207,TIMM50
4208,MEIS2
4209,PLD1
4210,AHSG
4211,VEGFA
4212,CLEC2A
4213,CUBN
4214,IL20
4215,NPTX2
4216,ACPP
4217,DVL2
4218,CD200
4219,TTC12
4220,RAPGEF3
4221,BFSP2
4222,FBXO45
4223,PROSER1
4224,FGF9
4225,LATS1
4226,CCAR2
4227,MPDZ
4228,NCSTN
4229,NECTIN2
4230,RAD54L2
4231,WDR12
4232,CD274
4233,ANKRD6
4234,GNRH1
4235,IDH2
4236,TBX4
4237,SCPEP1
4238,EVI2B
4239,TJP1
4240,TRIM55
4241,ESM1
4242,CD3EAP
4243,KLK15
4244,PPP1R15B
4245,CYP1A2
4246,JMJD4
4247,HTRA2
4248,ANGPTL7
4249,TACC2
4250,ADIPOR2
4251,ANAPC1
4252,PTOV1
4253,TSPAN10
4254,OTX2
4255,NPPC
4256,RIPK3
4257,SPATA22
4258,GBP1
4259,ALCAM
4260,GALP
4261,HBZ
4262,ATOH8
4263,NEPRO
4264,NKAPD1
4265,DNAH11
4266,METTL16
4267,CALB1
4268,SPDYA
4269,SLC6A12
4270,ITGAL
4271,PYGM
4272,RLF
4273,GALR1
4274,LEPR
4275,MACC1
4276,CDC6
4277,SUMO4
4278,PENK
4279,LOX
4280,CNTN6
4281,DNAJB4
4282,ABCC3
4283,PSTPIP2
4284,AVPR2
4285,CHRNA5
4286,TUBB6
4287,LIFR
4288,PKNOX2
4289,NFATC4
4290,UBASH3A
4291,ANGPTL4
4292,GCKR
4293,KIAA1191
4294,ZMYND19
4295,VAX1
4296,MUC19
4297,ASCC3
4298,CMTM5
4299,INA
4300,ABAT
4301,LGR5
4302,SLC29A1
4303,MAPKAPK2
4304,KCNV1
4305,FNDC3A
4306,CR1
4307,SLMAP
4308,CAT
4309,SCG2
4310,UBTF
4311,NEDD4L
4312,TOP1
4313,LY75
4314,LGR4
4315,MEF2C
4316,PTGDR2
4317,HSF1
4318,ELF4
4319,GZMH
4320,SERPINB4
4321,FAP
4322,CPA5
4323,CASQ2
4324,CDK7
4325,SLC6A1
4326,PLIN2
4327,AFF1
4328,CCDC43
4329,DHRS2
4330,NEK4
4331,STK3
4332,HRH1
4333,ZFPL1
4334,NKX3-1
4335,NFATC2
4336,NUCB2
4337,TCEANC2
4338,PBDC1
4339,DRD3
4340,MPL
4341,PNPLA3
4342,KCNK4
4343,WNT2
4344,FER
4345,SSX2IP
4346,CD96
4347,CPS1
4348,OVOL2
4349,CDCP1
4350,DDIT3
4351,ATM
4352,WEE2
4353,SULF2
4354,NR5A1
4355,JAG1
4356,CEACAM3
4357,HSPB11
4358,RAP1A
4359,IKBKB
4360,PTPRF
4361,CTNND2
4362,THEMIS2
4363,SRC
4364,CTSG
4365,ACAP2
4366,MXD1
4367,AP2M1
4368,NR1H4
4369,TNFRSF10D
4370,CNNM3
4371,IL10
4372,DNAH10
4373,TSNAXIP1
4374,ADRB3
4375,SLC16A9
4376,XRCC5
4377,TNPO3
4378,IGHE
4379,TTC9C
4380,ZNF804A
4381,ADAMTS19
4382,ERP27
4383,KHK
4384,PTTG1
4385,HOXA11
4386,DERL3
4387,TIMM29
4388,RAB11FIP5
4389,IFITM1
4390,GRIK5
4391,LRRC3
4392,ISL1
4393,LRP6
4394,PUM3
4395,RAB11A
4396,FETUB
4397,TSPAN7
4398,ITPRID2
4399,PLCG1
4400,EPDR1
4401,EID1
4402,DCTN1
4403,MAPK3
4404,NCOA4
4405,PPFIA3
4406,TRPM2
4407,C8G
4408,RYR1
4409,ARRB1
4410,PECAM1
4411,SLAMF1
4412,FAT3
4413,TSSK1B
4414,NPAT
4415,CTRL
4416,IRAK1
4417,RASGRP1
4418,RAB8A
4419,PIK3CA
4420,UNC13A
4421,VPS13B
4422,NFE2L1
4423,EIF2AK4
4424,TKTL1
4425,LPCAT1
4426,STMN2
4427,SLC5A1
4428,DDX43
4429,SRSF1
4430,CCDC91
4431,TUBA4A
4432,DMWD
4433,CCL17
4434,VAV1
4435,AIM2
4436,UGT2B17
4437,SOST
4438,DUSP23
4439,PIM2
4440,ATRX
4441,GOLGA2
4442,ALPL
4443,COL4A2
4444,ZSCAN12
4445,SP110
4446,ART4
4447,CDCA7L
4448,IGSF3
4449,ELMOD2
4450,CD300E
4451,KLHL8
4452,MAP1S
4453,NOL4L
4454,EMP1
4455,PSRC1
4456,RABL6
4457,ADGRA2
4458,CLEC4D
4459,MTCL1
4460,SYNPO2
4461,CYTH2
4462,BCAR1
4463,BCL10
4464,PTPN2
4465,CFAP20
4466,CSNK2A2
4467,GREM2
4468,NEMP1
4469,CASP8AP2
4470,PDYN
4471,RUBCN
4472,RAB6C
4473,PRPS2
4474,PMCH
4475,CLDN7
4476,LRRC32
4477,SLC39A11
4478,FTO
4479,STX11
4480,VIP
4481,PTPA
4482,GAB1
4483,NXF1
4484,HOXA10
4485,RPRM
4486,TDRD3
4487,ADAMTS12
4488,WASHC4
4489,MSI2
4490,SREBF1
4491,SLC26A2
4492,SMOC1
4493,TNFSF18
4494,CLK2
4495,PTDSS1
4496,HSD17B1
4497,HOOK3
4498,TCOF1
4499,NAV1
4500,DCT
4501,EPCAM
4502,RASSF4
4503,HTT
4504,FGF10
4505,JAZF1
4506,ATF2
4507,TLR3
4508,PLG
4509,ERC1
4510,BATF
4511,SIRPA
4512,SHC1
4513,CLSTN3
4514,KCNAB3
4515,DCX
4516,CACNA1H
4517,NGF
4518,BTAF1
4519,MS4A1
4520,MTAP
4521,CUZD1
4522,PTBP1
4523,PMS1
4524,NRF1
4525,NUDCD1
4526,HOXA5
4527,CAVIN2
4528,IL1B
4529,PARP15
4530,PSMC2
4531,GSTM1
4532,UPK3A
4533,STAT1
4534,GSDMB
4535,NOTCH3
4536,MNX1
4537,HOXD9
4538,TRIM23
4539,HEATR5B
4540,ABCG1
4541,FBXO43
4542,BMPER
4543,PCNA
4544,NFE2L2
4545,HPGD
4546,UBD
4547,CNP
4548,VIPR2
4549,ITGB4
4550,RIDA
4551,CLN5
4552,ITGAD
4553,WNT5A
4554,EIF1B
4555,F2RL3
4556,FRA10AC1
4557,TRDC
4558,BCHE
4559,IL13RA2
4560,P2RY12
4561,CHD3
4562,RUNX2
4563,P2RY13
4564,EMC1
4565,C4B
4566,IKZF1
4567,ERG
4568,SMC3
4569,PAX8
4570,SIGLEC9
4571,SS18
4572,WRAP73
4573,MYB
4574,AOAH
4575,DDX1
4576,PPARGC1A
4577,KIR2DL4
4578,NLE1
4579,EMSY
4580,IDH1
4581,TLR2
4582,BNC1
4583,AP3D1
4584,F12
4585,RRM1
4586,ELK3
4587,IGFBP1
4588,MCHR2
4589,HDAC6
4590,CAMKV
4591,ACTN4
4592,MAGI1
4593,SMPDL3B
4594,HK1
4595,IL37
4596,CLEC4A
4597,CUL3
4598,HOXA9
4599,CHRNB3
4600,PKD2L1
4601,INMT
4602,SERPINA12
4603,YIPF5
4604,MYBL2
4605,GLDN
4606,TCF20
4607,SFRP1
4608,CYP27B1
4609,SERPINB7
4610,CD226
4611,CXCR1
4612,LRPPRC
4613,AHR
4614,DAG1
4615,FBLN2
4616,MYH2
4617,KATNA1
4618,DMBX1
4619,ITGB6
4620,VPS13A
4621,WWC1
4622,RALGPS1
4623,PARP3
4624,PMAIP1
4625,ACVR1B
4626,HDAC1
4627,CCDC86
4628,EIF4G1
4629,RSBN1
4630,PSIP1
4631,CDK16
4632,KCNH5
4633,SIMC1
4634,PPM1A
4635,GAS2L1
4636,TWIST2
4637,PUSL1
4638,CD101
4639,PGD
4640,NOD2
4641,METTL18
4642,ARC
4643,MYCN
4644,IRX1
4645,TRAF5
4646,NR0B2
4647,ALOX15
4648,KXD1
4649,HEXB
4650,MTREX
4651,CXCL5
4652,ZC3H18
4653,SLC43A2
4654,PI16
4655,CREG2
4656,CA9
4657,IGF1R
4658,RC3H2
4659,IFNW1
4660,THAP2
4661,TUFM
4662,EFHC2
4663,BRSK2
4664,ABTB1
4665,NLRP1
4666,TRIM28
4667,ITIH1
4668,SCN4B
4669,LIPG
4670,DACH1
4671,BRCA1
4672,SH3GLB2
4673,PGR
4674,GLI1
4675,APELA
4676,RPN1
4677,ENO2
4678,ANXA10
4679,TCEA3
4680,CD47
4681,PSMD1
4682,NQO2
4683,LIPA
4684,MPPED1
4685,CTTNBP2NL
4686,MVP
4687,WDR74
4688,FOXD2
4689,GHITM
4690,PDIA4
4691,DDX50
4692,CD36
4693,CA10
4694,HTR2B
4695,CNDP1
4696,CDC42BPG
4697,HSD17B2
4698,CARD9
4699,PROP1
4700,PER1
4701,EYA1
4702,FOXE3
4703,GKN1
4704,ESRRG
4705,PM20D2
4706,KLF17
4707,LILRA4
4708,AKT3
4709,NUDT16L1
4710,CLIC6
4711,PNMA1
4712,PKM
4713,MET
4714,PRKAR1A
4715,FCRLA
4716,SNAP25
4717,CNTROB
4718,LBP
4719,MINPP1
4720,FAM193A
4721,CDC20
4722,CEP128
4723,NR0B1
4724,ADORA3
4725,ADGRE1
4726,TUBB2A
4727,ZFAT
4728,TEX35
4729,RELT
4730,MSLN
4731,PFKP
4732,SP3
4733,NXT2
4734,MAPK8
4735,CDK8
4736,TNFSF4
4737,VEGFC
4738,FOLH1
4739,SAXO1
4740,CXCL13
4741,NACC2
4742,KLHL14
4743,FSTL3
4744,ITGA5
4745,PPP1R9B
4746,ROR1
4747,CXCL6
4748,RASGEF1C
4749,KIF11
4750,NPAS4
4751,COLQ
4752,CDK3
4753,ENTPD2
4754,ZBTB4
4755,MAGEA12
4756,NREP
4757,AMFR
4758,PTPRZ1
4759,DNAI1
4760,FES
4761,NTN1
4762,HPCAL1
4763,TFPI
4764,RTN4
4765,P4HB
4766,PAPPA
4767,CFAP47
4768,CYP2D6
4769,PRKAG1
4770,IL12RB1
4771,E4F1
4772,ASCL2
4773,ACTN1
4774,HMGN5
4775,MPO
4776,CALCR
4777,RSPO3
4778,USP10
4779,GRIA1
4780,MYO1F
4781,HDAC10
4782,IGBP1
4783,LGALS14
4784,PTGES3
4785,GRM1
4786,RBBP4
4787,GPRASP1
4788,ZNF76
4789,NUP62
4790,RFX4
4791,GNA11
4792,CALB2
4793,HNRNPUL1
4794,PIMREG
4795,FOXG1
4796,CSF1R
4797,SCAPER
4798,CCL20
4799,COL5A1
4800,NUDT21
4801,P2RY6
4802,MPP7
4803,CLEC9A
4804,CEACAM1
4805,KCNK13
4806,UNC45A
4807,PCCB
4808,TREML2
4809,HMGA1
4810,SLC11A2
4811,CDH16
4812,FUCA1
4813,ACE
4814,SHANK3
4815,CLNK
4816,ENPEP
4817,ANGPT1
4818,SIGMAR1
4819,TEFM
4820,SRD5A3
4821,CASP7
4822,PLK1
4823,GDNF
4824,PRKACB
4825,FAM161A
4826,RTCB
4827,COL25A1
